Dealership,Bike Count
SuperBike Factory Cheshire,974.0
Poole Moto Bike,742.0
SuperBike Factory Donington Park,624.0
SuperBike Factory Donington Park,623.0
Motorbikes 4 All,562.0
Fowlers Of Bristol Limited,534.0
SuperBike Factory South,513.0
SuperBike Factory Yorkshire,439.0
Wigan Motorcycles,346.0
2 WHEEL WAREHOUSE LTD,343.0
Hunts Motorcycles,314.0
SuperBike Factory Buckinghamshire,308.0
Padgetts (Batley) Limited,302.0
Robinsons Of Rochdale,284.0
Robinsons Of Rochdale,283.0
Millennium Motorcycles,255.0
Doble Motorcycles,255.0
The Potteries Motorcycles & Scooters,246.0
Motorcycle Centre Orrell,231.0
Premier Bikes,221.0
SuperBike Factory South West,218.0
On The Wheel,214.0
Lings Motorcycles Harleston,201.0
Vines of Guildford Motorrad,197.0
Motorcycle Giant,192.0
Bolton Motorcycles,191.0
Drayton Croft Motorcycles,188.0
Bigmoto Cheshire,169.0
Bigmoto East Anglia,169.0
Brighouse Superbikes,166.0
Blade Honda Abingdon,160.0
Ams Motorcycles,158.0
KH Motorcycles Sandiacre,154.0
On Yer Bike,150.0
Chiswick Honda Bikes,150.0
Chorley Yamaha Centre,149.0
On Yer Bike,148.0
Chorley Yamaha Centre,148.0
Sycamore Motorrad Witham,147.0
Budget Bikes,142.0
New City Motorcycles Ltd,140.0
Frasers Of Gloucester,139.0
RWF MOTORCYCLES,132.0
Sycamore Motorrad,129.0
Mandp,124.0
Youles Honda Manchester,124.0
Youles Manchester Triumph,123.0
H G B Motorcycles (Ruislip),122.0
Kjm Superbike Ltd,121.0
KH Motorcycles Ltd,120.0
Daytona Motorcycles,120.0
Bill Smith Motors Limited,119.0
Ridenation Limited,118.0
Chris Hall Motorcycles,118.0
Wheels,115.0
Wollaston BMW Bikes Northampton,113.0
Lings Norfolk Triumph,112.0
Robinsons Foundry,110.0
Lings Powersports,108.0
Bahnstormer Motorrad Alton,107.0
John Banks Honda Motorcycles Colchester,106.0
Laguna Motorcycles,105.0
Wheels Motorcycles,105.0
EAST MIDLAND SUPERBIKE,104.0
Williams Bmw,104.0
Riders Motorcycles,103.0
Riders Of Bridgwater Ltd,103.0
Team Roberts,103.0
Vertu Honda Bikes (Nottingham),99.0
Lings Suffolk Triumph,98.0
Lings Triumph Essex,98.0
Norton Way Honda Bikes,96.0
Sutton Motorcycles Limited,96.0
A&D Motorcycles,96.0
In2moto,96.0
In2moto,95.0
Colwyn Bay Motorcycles,93.0
Gt Motorcycles (2012) Ltd,93.0
The Bike Sanctuary,92.0
Mott Motorcycles,92.0
North Cornwall Motorcycles,92.0
SP Motorcycles,91.0
Bike Treads Motorcycle Centre,90.0
Motorbikes 1980 Ltd,89.0
The Bike Specialists,89.0
Colwin Motorcycles,88.0
Vertu Honda Bikes (Grantham),88.0
Bikestrobe,88.0
Farnham Honda,87.0
Laguna Performance Centre,85.0
Belle Vue Honda (Bikes),85.0
Brayley Honda Motorcycles Romford,84.0
Sycamore Harley-Davidson,83.0
S D Motorcycles,83.0
Stratstone BMW Motorrad Tunbridge Wells,83.0
MM Motorcycles,81.0
Ocean Bmw,80.0
Dick Lovett BMW Motorrad Bristol,80.0
Greenham Kawasaki,80.0
Speedway Motorcycles Limited,79.0
Marshall Honda Bikes Reading,77.0
Adam Bikes,76.0
Gibson Motorcycles,76.0
Speed Superbike Centre,76.0
Kent Motorcycles,75.0
Bransons Motorcycles,75.0
BMW Park Lane Motorrad,75.0
Two Wheel Centre,74.0
Arnolds Motorcycles Burton,74.0
Superbike Specialists Ltd,74.0
SuperBike Factory New Stock,74.0
Arnolds Motorcycles Loughborough,74.0
5-Ways Motorcycle Centre,74.0
Fasttrack Motorcycles Ltd,73.0
Adam Bikes,73.0
Halliwell Jones Chester Motorrad,72.0
Central Bikes Limited,71.0
Carl Rosner Ltd,71.0
Bulldog Triumph,71.0
RNC Motorcycles,70.0
All Bikes Rochdale,70.0
Circuit 78 Motorcycles,69.0
Blade Honda Stratford Upon Avon,69.0
Group 1 Brighton BMW Bikes,68.0
Guildford Harley-Davidson,68.0
Webbs Of Lincoln,68.0
Orwell Motorcycles,67.0
PRG Performance,67.0
Castle Motorcycles,67.0
Mototechniks Motorcycle Centre,67.0
Lind Motorrad,66.0
Sutton Motorcycles,65.0
Gt Superbikes Ltd,64.0
Motorcycles 2 You,64.0
Webbs of Peterborough,63.0
Total Triumph,63.0
Crescent Motorcycles,63.0
Bob Minion Limited,62.0
Harley World Chesterfield,62.0
Wheels Honda,62.0
Crescent Motorcycles,61.0
North Oxford Garage,61.0
Cornwall Kawasaki Centre,61.0
Balmer Lawn Bikes,59.0
Cradley Kawasaki,59.0
Maidstone Harley Davidson,59.0
MB SUPERBIKES LIMITED,58.0
Vertu BMW Motorrad Exeter,58.0
The Bike Depot,58.0
Kings Two Wheel Centre,58.0
In Moto,58.0
NORTHWEST POWERSPORTS LTD,58.0
Powerbiking Ltd,58.0
Cubo Moto Limited,58.0
Ducati Aylesbury,57.0
Sycamore Yamaha,57.0
NORMAN & BIRCH LIMITED,57.0
Msg Motorcycles Ltd,57.0
Hyside Motorcycles,56.0
Triumph West London,56.0
DAVE DEATH MOTORCYCLES (IW) LIMITED,56.0
Grafton Motorcycles,56.0
Ryder Motorcycles,55.0
Destination Triumph Solent,55.0
Bowen Moto,55.0
M&P Cardiff,55.0
Waltham Cross Motorcyles Ltd,54.0
C J Ball,54.0
Sycamore Harley Davidson,54.0
Destination Motorcycles KTM Dorset,53.0
Moore Speed Racing Ltd,53.0
Capital Moto,53.0
Krazy Horse Bury St Edmunds,53.0
Kawasaki Autorama,53.0
Sheldon Motorcycles,52.0
The Motorcycle Barn,52.0
Rideworx Ltd,51.0
Adamsons Cars LTD,50.0
John Banks Honda Motorcycles,50.0
HASTINGS MOTORCYCLE CENTRE LTD,50.0
London Speed,50.0
Connect Motorcycle Sales Limited,50.0
Southampton Motorcycles And Scooters,49.0
Cheltenham Harley Davidson,49.0
Ashford Triumph,49.0
Haslemere Motorcycles,49.0
Inta Motorcycle Services Ltd,49.0
Choice Motorcycles,49.0
John Banks Honda Motorcycles,49.0
Blade Triumph Stratford,48.0
Sami Bikes LTD,48.0
Fins Motorcycles Of Redhill,48.0
Motorcycles UK (Swindon) Ltd,48.0
Choice Motorcycles,48.0
Davey Bros Motorcycles,48.0
John Banks Honda Motorcycles,47.0
Omega Yamaha,47.0
Premier Bikes,47.0
Lucas Cycles Ltd,47.0
Blade Ducati,46.0
B S Bikes Limited T/A Staffordshire Triumph,46.0
MOTOLINK SOUTH WALES LTD,46.0
Destination Triumph Dorset,46.0
Vertu BMW Motorrad Rotherham,46.0
Bennett's Motorcycles,46.0
Atec Garage,46.0
Pro Moto,46.0
Triumph World,46.0
Andover Motorcycles,46.0
Allenby Motorcycles,46.0
C & G Motorcycles,45.0
Newmarket Harley-Davidson,45.0
Jordan Bikes Ltd,45.0
Midwest Moto,45.0
Judd Racing KTM,45.0
Long Eaton Motorcycles,45.0
Krazy Horse Welling,44.0
MOTOLINK SOUTH WALES LTD,44.0
Crescent Motorcycle Co Ltd Bournemouth,43.0
Alford Bros,43.0
Staffordshire Honda,43.0
Cotswold Motorrad,42.0
Bennetts Motorcycle and Scooter LTD,42.0
Bridge Motorcycles Limited,42.0
Oakley Motorcycles,42.0
Sykes Harley-Davidson,42.0
Triumph East London,42.0
Bike & Scooter,42.0
Bournemouth Kawasaki,41.0
Johns Of Romford,41.0
Motorcycle Trading,41.0
Destination Triumph Washington,41.0
Laguna Triumph Maidstone,41.0
Bury Motorcycle Centre,40.0
Sytner Wolverhampton BMW Motorrad,40.0
Motorcycle World,40.0
Arnolds Motorcycles Leicester,40.0
Alf England Bedworth Limited,39.0
Global Moto Coventry,39.0
Suffolk Motorcycles Ltd,39.0
The Motorcycle Centre,39.0
Eclipse Motorcycle & Car Sales,38.0
Firstline Motor Cycles Limited,38.0
Motorcycle and Scooter Centre Ltd,38.0
Clay Cross Kawasaki,38.0
Lamba Motorcycles Limited,38.0
21st Moto Limited,37.0
Gliddon Yamaha,37.0
Ducati Bournemouth,37.0
Tinklers (Motor Cycles) Limited,36.0
J G Motorcycles,36.0
Ultimate Bikes,35.0
Wooburn Green Motorcycles,35.0
Woodford Motorcycles,35.0
Hythe Hill Motorcycles,35.0
J B Motorcycles,34.0
South Downs Motorcycles,34.0
ROAD AND TRIALS,34.0
Blade Triumph Cheltenham,34.0
SOR Motorcycles,34.0
Spenders Motorcycles,34.0
Nationwide Motorbikes,34.0
Gear4 Motorcycles,33.0
Dynomite Motorcycles,33.0
Brighton Moto,33.0
Bretton Motorcycles,33.0
Krazy Horse Chipping Norton,33.0
Sytner Shrewsbury BMW Motorrad,33.0
Platinum Motorcycles,32.0
Via Moto,32.0
Warr's Harley-Davidson,32.0
Maidstone Honda,32.0
Reiten Motorrad Limited,31.0
Bromley Moto,31.0
Woking Yamaha Centre Ltd,31.0
Motorcycles Direct,31.0
Sytner Warwick BMW Motorrad,31.0
Icon Motorwerx,31.0
Alfs Motorcycles,31.0
Stevelin Motorcycles,31.0
Cooperb Motorcycles,31.0
Motoline,31.0
M.E.S.Powersports Limited,31.0
Earnshaws Motorcycles Ltd,30.0
Road Performance Motorcycles,30.0
Stafford Motorcycles Ltd,30.0
Rotate Motorsport,30.0
GIZMOTO LTD,30.0
Ken Urwin Motorcycles,30.0
Triumph North London,30.0
Robert Bevan & Sons (Motorcycles) Ltd,30.0
Harley Davidson Manchester UK,30.0
Hatfields Of Crowthorne Ltd,29.0
Honda Of Bournemouth,29.0
The Motorbike Shop Ltd,28.0
GP Motorcycles Limited,28.0
Hayball Motorcycles Ltd,28.0
M & M MOTORCYCLES,28.0
Newcombe Brothers,28.0
Motorbiking Bournemouth,27.0
Ocean Motorrad Falmouth,27.0
Ap Motorcycles,27.0
C & G Bikes,27.0
Tamworth Yamaha,27.0
Marshall BMW Motorrad Grimsby,27.0
SLIPSTREAM MOTORCYCLE (SALES) LIMITED,27.0
DAVANT BIKES LIMITED,27.0
The Bike Buyer Ltd,27.0
MARRIOTT MOTORCYCLES LIMITED,27.0
Windsor Moto,27.0
Pick Up Motorcycles,26.0
The Walton Road Garage,26.0
Ellani Motorcycles,26.0
TMS MOTORCYCLE & AUTOMOTIVE,26.0
Midlife Classics,26.0
Brandon Car & Motorcycle Centre,25.0
A&T Motorcycles,25.0
Springhead Bikes,25.0
E-Moto,25.0
Churchs,24.0
Speed Sales,24.0
Alpha Motorcycles Limited,24.0
Pure Triumph Wellingborough,24.0
My Moto,24.0
Motorcycle Select,24.0
MV Agusta Plymouth,23.0
Pure Triumph Wellingborough,23.0
Bulldog Suzuki,23.0
Billy's Motorcycles Ltd,22.0
SPS Motorcycles Ltd,22.0
Matt Pope Motorcycles,21.0
Triumph London,21.0
TT Motorcycles,21.0
Magnet Motos,21.0
KTM London,21.0
Sondel Sport,21.0
SuperBike Factory London,21.0
Mh Car And Bike Sales,21.0
Go Off Road Barnsley,20.0
SSL Auto Motorcycle Warehouse,20.0
Lincolnshire Motorcycles Limited,20.0
Ducati Cambridge,20.0
LONDON MOTORCYCLES LTD,20.0
Ducati Manchester,20.0
Zemoto,20.0
Two70 Motorcycles,20.0
SuperBike Factory London,20.0
MotoUK,20.0
Lincolnshire Motorcycles Limited,19.0
Maverick Motorcycles,19.0
MOTOEDIT SALES LTD,19.0
DMC Moto Birmingham KTM,19.0
W.M. Snell,19.0
The Scooter Cafe,19.0
Stoppies Motorcycles,19.0
Sefton Motorcycles,19.0
P. & A. MOTORCYCLES LIMITED,18.0
MOTOEBIKES,18.0
Think Bike Gear,18.0
Robin Hood Harley-Davidson,18.0
MODERN SCOOTERS,18.0
Quarry Bank Motorcycles Limited,18.0
P & P Motorcycles,18.0
Sycamore Yamaha Peterborough,18.0
Holt Motorcycles Ltd,18.0
A & M Motorcycles Ltd,17.0
Revolution Scooters Warrington Ltd,17.0
Open Road Motorcycles,17.0
Sovereign Motor Company,17.0
Single Tracker Motorcycles,17.0
Urban Rider,17.0
Pure Triumph Woburn,17.0
CCM Motorcycles,17.0
Yes Moto,17.0
Ducati London,17.0
Moto Rapido,17.0
English Electric Motor Co,17.0
Moores Hemel Hempstead Ltd,16.0
Scooter World Ltd,16.0
DJK Motorcycles Ltd,16.0
St. Neots Motorcycle Co Limited,16.0
R M C Service Station,16.0
Ducati Coventry,16.0
Motoworks Norfolk,16.0
Ducati Croydon,16.0
Capital Motorcycle Ltd,16.0
Broadfield Motor Company Ltd,15.0
Pure Triumph Woburn,15.0
Road And Racing Motorcycles,15.0
Motobox UK,15.0
Nightingales,15.0
The Cotswold Motorcycle Company Ltd,14.0
Oakley Motorcycles,14.0
Cardiff Motorcycle Centre,14.0
House Of Thunder,14.0
Unique Wheels Ltd,14.0
Motorvibe Ltd,14.0
WSM,14.0
Jap Motorcycles,14.0
Motoden,14.0
West London Yamaha,14.0
Coast to Coast Motorcycles,14.0
Ron Hodgson Specialist Cars,14.0
MV Agusta London,14.0
John Riley Motorcycles,13.0
Churchill Motorcycles Limited,13.0
Moore Motorcycles,13.0
PML Motorcycles,13.0
Olivers Motorcycles,13.0
T.T.T. Motorcycles,13.0
Greywood Motorcycle Sales,13.0
Garage No 7,13.0
Owen Cherrell Racing,13.0
The Cycle Agents,12.0
Krazy Horse Central London,12.0
Moto,12.0
W.C Motorcycles,12.0
Andy Sills Motorcycles Limited,12.0
Pass Bike Ltd,12.0
The KTM Centre,12.0
Downend Bikes & Scooters,12.0
QBS Power Sports,12.0
Ashbank Super Soco Stoke,12.0
DC MOTORCYCLES LIMITED,12.0
Motorbike Shack Ltd,12.0
Revu Moto Ltd,12.0
Richardsons of Congleton,12.0
South125's,11.0
MOTORBIKES 4 YOU,11.0
V Duo Motorcycles,11.0
Streffords Of Worcester,11.0
Smalley Cross Ltd,11.0
MME Motorcycle,11.0
Wallasey Motorcycles Ltd,10.0
Moto Tweeks,10.0
Crown Motorcycles,10.0
A1 Motorcycle Training and Sales Ltd,10.0
Ducati Stoke,10.0
Motorbike One,10.0
Church Stretton Motorcycles,10.0
AUSTIN MOTORCYCLES,10.0
Redline Motorcycles,10.0
Spyder Motorcycles,9.0
SEVEN SEAS MOTORS,9.0
Sports Bikes International,9.0
Ace Motorcycles Macclesfield,9.0
Offshore Performance,9.0
Dart Motorsport Ltd,9.0
Macclesfield Motorcycles,9.0
TWINZTRANSPORT,9.0
Lincs VW Commercial Vehicle Sales Ltd,9.0
TF Motorcycles,9.0
MIDWEST RACING LIMITED,8.0
Derby Kawasaki,8.0
Bikes Trikes 'n' Stuff Ltd,8.0
Newcourt Motorcycles,8.0
R AGIUS SCOOTERS,8.0
Electric Bike Supermarket,8.0
Cleds Shed Motorcycles,8.0
DNA Motorbikes Ltd,8.0
Speedwell Motorcycles LTD,8.0
Williams Automobiles Limited,8.0
Fab Motorbikes And Scooters,8.0
3D Moto Limited,8.0
Beechdale Motorcycles,8.0
Moto Crave,8.0
Sandwell Car Sales Ltd,8.0
Poulson Creative Customs,7.0
SBK Motorcycles Addleston,7.0
Maeving,7.0
Modus Motor Company,7.0
Red Lodge Autos,7.0
Kevin Thomas Motorcycles,7.0
Rakeway Motorcycles Ltd,7.0
WEST LONDON BIKES & SCOOTERS LTD,7.0
Cotswolds Cars And Commercials Ltd,7.0
Sunami Motorcycles,7.0
HSP Cycles,7.0
Russell French Car And Commercial Sales,7.0
AMC Motorcycles UK,7.0
Signature Moto Limited,7.0
KM MOTORCYCLES LIMITED,7.0
The Superbikes,7.0
TRITON MOTORCYCLES LTD,6.0
Oakmere Prestbury,6.0
ROAD & RACE MOTORCYCLES,6.0
RJR MOTORCYCLES LIMITED,6.0
Cult Motorcycles Ltd,6.0
Arden Motorcycles,6.0
Bill Thomas Motorcycles,6.0
CMS MOTORCYCLES,6.0
Moto Hub,6.0
Promoto UK,6.0
Lucky Dale,5.0
DOUBLETAKE MOTORCYCLES LTD,5.0
Blade KTM Swindon,5.0
Faction Moto Ltd,5.0
Harveys Car Centre,5.0
Oakmere Motor Group,5.0
GLR SCOOTERS HODDESDON LIMITED,5.0
Crewe Honda Centre,5.0
D C Butler Motorcycles Limited,5.0
Carnet Midlands Ltd,5.0
Unity Moto,5.0
Zoom Bikes,5.0
PREMIER GT LIMITED,4.0
Palmers Motor Company,4.0
BMG,4.0
Bikewise Motorcycles,4.0
Riverside Car Sales Ltd,4.0
77 Motorcycles,4.0
JNR Motorcycles,4.0
Adam Paris Motorcycles,4.0
TH Motors,4.0
THE TWO WHEEL CENTRE LIMITED,4.0
Auto-Union,4.0
GB Woodfield Commercial Vehicles,4.0
Junction Motorbikes,4.0
Nat Motorcycles,4.0
Calmore Service Station,3.0
JRP Motorcycles,3.0
RX Motors Ltd,3.0
BIKENET,3.0
Harvey Wilson,3.0
Moto Velocity,3.0
Omega Bikes,3.0
MSC Bikes,3.0
M&T Motor Company,3.0
Spa Motorcycles Cheltenham Limited,3.0
Verwood Motorcycles,3.0
MY SCOOTERS AND MOTORCYCLES,3.0
Bike Junkie,3.0
Brooke Mot Centre Ltd,3.0
Strafford Cars,3.0
SCS AUTOS LTD,2.0
CYGNET AUTOMOTIVE LTD,2.0
D P Vehicles Ltd,2.0
DRIVE CITY CARS LTD,2.0
Erl's Vehicles,2.0
Horsepower Storage,2.0
Jacobs Motors Ltd,2.0
CC Cars,2.0
West Sussex Specialist Cars,2.0
Velvis Cars,2.0
Kaaimans International,2.0
The Bike Agent,2.0
Quality Cars,2.0
WISE WHEELS LTD,2.0
L T Car Sales Ltd,2.0
Fairtrade Cars,2.0
Three10 Automotive,2.0
J & P Auto Services,2.0
Iconic Motors,2.0
Flashman Motorcycles,2.0
Manor Car Solutions Ltd,2.0
Mutt Motorcycles Ltd,2.0
Broadlands Vehicles Ltd,2.0
Swancar of Loughborough,2.0
VR (EPS) Warrington Ltd,2.0
Howe Motors Ltd,2.0
Hypermotive,2.0
Belgrave Motor Company,2.0
Car Adviser Ltd,2.0
Canon Cars,2.0
Cruze Motor Company Ltd,2.0
Richard Henry,2.0
Burton Motor Workshop Ltd,2.0
"MMG Sports, Prestige & 4x4",2.0
Promus Vehicles,2.0
Highline Autos,2.0
Mondial Cars,2.0
Just Audi VW,2.0
Elms Automotive,2.0
Audi Approved,2.0
Trade Direct,
Apex Cars Direct,
Startin Suzuki (Worcester),
Gregory Garage,
AB MOTOR HUB LTD,
Lkc Motors Limited,
Holly Tree Cars Limited,
German Cars,
Top Gear Car Sales,
Country Car,
Ghost Motors LTD,
D & M Cars of Bristol,
Heatons Garage,
Shaks Specialist Cars,
A J autos,
Tom Hartley Jnr,
Wallis Defenders Land Rover Specialist,
Malt Mill Motors Plumtree,
The Motoring Centre Ltd,
The Carzone Winsford,
WJF CAR SALES LTD,
Lynx Motor Company Ltd,
GX Car Sales Ltd,
Unity Automotive Oxford,
Estuary Cars Ltd,
Blue Mill Motors,
M.V.A,
Adrenaline Collective,
Capital Autos Centre Ltd,
BTS Cars,
Hudson Cars Cardiff Limited,
autoperform.com,
The Collection,
The UK Electric Bike Company LTD,
Earnshaws Cycles LTD,
Buy A Bike,
Yamaha Motor UK,
Deeside Motor Centre,
Essex Cars Limited,
Martin Lee Sports and Prestige,
Robinson Cars,
Autobarn Sports Cars Ltd,
Abbey Vehicle Contracts Limited,
Barretts BMW Canterbury,
A6 Motors Ltd,
S M Specialist Cars Ltd,
Corus Automotives,
Yourstyle Leisure Limited,
Riverside Autos,
JPA Motor Company,
Woodford Motor Co Ltd,
Park Lane Cars,
Oscar James Motor Sales Ltd,
Rickell Car And Commercial,
Nick Roberts Trading,
Solihull Motors Ltd,
Georges Motors Limited,
BBUK Cars Ltd,
A&A car sales,
Brookspeed,
Hunt Motor Company,
Direct Cars Leicester,
Orbitkey Ltd,
Centre Motor Group,
Van Trade Direct LTD,
IVER VAN SALES LTD,
SH5 Motors,
Barnet Car Center,
Stoughton Car Sales,
Oxford Automotive,
AUTO INVESTMENTS UK (AIUK) LIMITED,
Tizzy's Transport Ltd,
Smart Motors,
EX POLICE CARS,
HAMPSHIRE CAR TRADER LIMITED,
Saveonusedcars.Co.Uk,
Hilton & Moss,
DN Trading,
Automotive Direct Ltd,
MI-Next Car,
Copnor Road Cars,
Seraph Cars,
Darden Trading,
Carex,
Higham Garage,
Whitson Prestige,
Junction 17 Cars Peterborough,
Carnexions Motor Company Ltd,
Supercar Clinic Ltd,
HM Car Sales Ltd,
Exclusive Motors,
Lavender Hall Autos,
CM Vans,
Middlehurst Garage,
D & J Autos Limited,
Dunley Car Sales,
KG Cars,
Farlan Automotive,
AM Vehicle Group Ltd,
REO Car Sales,
Lusso Motors,
HITCHIN MOTOR SALES LTD,
Best Car 4 You Ltd,
ROCKHURST,
Sm Auto Sales & Services,
Target Cars Derby,
BJC Car Sales Limited,
Central Lotus,
Beck Evans,
Autocentre (U.K.) Limited,
MT Cars Ltd,
MJC177,
Four L Cars Ltd,
Cars By Web,
Merthyr Motor Auctions,
Wheeler Automotive,
Ellis Ashton Motor Company,
