Dealership,Bike Count
SuperBike Factory Cheshire,1013.0
SuperBike Factory Cheshire,1008.0
Poole Moto Bike,723.0
SuperBike Factory Donington Park,628.0
SuperBike Factory Donington Park,627.0
Motorbikes 4 All,583.0
Motorbikes 4 All,578.0
Fowlers Of Bristol Limited,520.0
Fowlers Of Bristol Limited,519.0
SuperBike Factory South,445.0
SuperBike Factory Yorkshire,443.0
SuperBike Factory Yorkshire,442.0
SuperBike Factory South,434.0
Wigan Motorcycles,353.0
2 WHEEL WAREHOUSE LTD,343.0
SuperBike Factory Buckinghamshire,321.0
SuperBike Factory Buckinghamshire,319.0
Hunts Motorcycles,314.0
Padgetts (Batley) Limited,302.0
Robinsons Of Rochdale,287.0
Millennium Motorcycles,260.0
Doble Motorcycles,250.0
Doble Motorcycles,249.0
The Potteries Motorcycles & Scooters,246.0
Motorcycle Centre Orrell,229.0
SuperBike Factory South West,228.0
SuperBike Factory South West,227.0
Premier Bikes,220.0
Premier Bikes,219.0
On The Wheel,210.0
On The Wheel,209.0
Lings Motorcycles Harleston,201.0
Bolton Motorcycles,194.0
Bolton Motorcycles,192.0
Motorcycle Giant,191.0
Vines of Guildford Motorrad,191.0
Vines of Guildford Motorrad,190.0
Motorcycle Giant,189.0
Bigmoto East Anglia,181.0
Drayton Croft Motorcycles,171.0
Bigmoto East Anglia,166.0
Brighouse Superbikes,165.0
Ams Motorcycles,161.0
Blade Honda Abingdon,160.0
Ams Motorcycles,160.0
Blade Honda Abingdon,153.0
Bigmoto Cheshire,152.0
Blade Honda Abingdon,151.0
Bigmoto Cheshire,151.0
Chiswick Honda Bikes,151.0
Chiswick Honda Bikes,150.0
Chorley Yamaha Centre,149.0
Blade Honda Abingdon,148.0
KH Motorcycles Sandiacre,148.0
KH Motorcycles Sandiacre,147.0
Sycamore Motorrad Witham,147.0
Budget Bikes,144.0
On Yer Bike,142.0
New City Motorcycles Ltd,140.0
Frasers Of Gloucester,139.0
On Yer Bike,139.0
Bigmoto Cheshire,137.0
RWF MOTORCYCLES,131.0
Sycamore Motorrad,130.0
Sycamore Motorrad,128.0
Youles Manchester Triumph,125.0
KH Motorcycles Ltd,124.0
Youles Honda Manchester,124.0
KH Motorcycles Ltd,123.0
H G B Motorcycles (Ruislip),122.0
Mandp,122.0
Kjm Superbike Ltd,121.0
Mandp,121.0
Daytona Motorcycles,121.0
Chris Hall Motorcycles,119.0
Bill Smith Motors Limited,119.0
Wheels,119.0
Ridenation Limited,118.0
Bill Smith Motors Limited,118.0
Wheels,116.0
Wollaston BMW Bikes Northampton,114.0
Robinsons Foundry,110.0
Wheels Motorcycles,110.0
Wheels Motorcycles,109.0
Lings Powersports,108.0
Lings Norfolk Triumph,108.0
John Banks Honda Motorcycles Colchester,108.0
Lings Norfolk Triumph,106.0
Laguna Motorcycles,106.0
Riders Motorcycles,105.0
Bahnstormer Motorrad Alton,105.0
Sutton Motorcycles Limited,104.0
Team Roberts,104.0
Riders Of Bridgwater Ltd,104.0
EAST MIDLAND SUPERBIKE,104.0
Laguna Motorcycles,104.0
In2moto,103.0
Williams Bmw,101.0
Williams Bmw,100.0
SuperBike Factory New Stock,100.0
Lings Suffolk Triumph,99.0
Vertu Honda Bikes (Nottingham),99.0
Lings Triumph Essex,99.0
Vertu Honda Bikes (Nottingham),97.0
Sutton Motorcycles Limited,97.0
Lings Triumph Essex,97.0
Lings Suffolk Triumph,97.0
A&D Motorcycles,96.0
Norton Way Honda Bikes,96.0
Colwyn Bay Motorcycles,95.0
SP Motorcycles,93.0
Gt Motorcycles (2012) Ltd,93.0
SP Motorcycles,92.0
In2moto,92.0
SuperBike Factory New Stock,92.0
Mott Motorcycles,92.0
Bransons Motorcycles,91.0
The Bike Sanctuary,91.0
Mott Motorcycles,91.0
Colwyn Bay Motorcycles,90.0
North Cornwall Motorcycles,90.0
Mott Motorcycles,90.0
Bike Treads Motorcycle Centre,90.0
Vertu Honda Bikes (Grantham),89.0
The Bike Specialists,89.0
Bikestrobe,88.0
Farnham Honda,88.0
Colwin Motorcycles,88.0
Bikestrobe,87.0
Farnham Honda,87.0
Laguna Performance Centre,87.0
Vertu Honda Bikes (Grantham),87.0
North Cornwall Motorcycles,87.0
Motorbikes 1980 Ltd,87.0
Gt Motorcycles (2012) Ltd,87.0
Mott Motorcycles,87.0
SuperBike Factory New Stock,87.0
Laguna Performance Centre,86.0
SuperBike Factory New Stock,86.0
Bikestrobe,86.0
S D Motorcycles,85.0
Belle Vue Honda (Bikes),85.0
S D Motorcycles,84.0
Brayley Honda Motorcycles Romford,84.0
Stratstone BMW Motorrad Tunbridge Wells,83.0
Brayley Honda Motorcycles Romford,83.0
Dick Lovett BMW Motorrad Bristol,82.0
Sycamore Harley-Davidson,81.0
Greenham Kawasaki,81.0
MM Motorcycles,81.0
Greenham Kawasaki,80.0
Sycamore Harley-Davidson,80.0
Speedway Motorcycles Limited,79.0
Ocean Bmw,78.0
Marshall Honda Bikes Reading,77.0
Adam Bikes,76.0
BMW Park Lane Motorrad,75.0
Kent Motorcycles,75.0
Gibson Motorcycles,75.0
Arnolds Motorcycles Loughborough,75.0
5-Ways Motorcycle Centre,74.0
Carl Rosner Ltd,74.0
Superbike Specialists Ltd,74.0
Halliwell Jones Chester Motorrad,74.0
Carl Rosner Ltd,73.0
Fasttrack Motorcycles Ltd,73.0
Gibson Motorcycles,73.0
Superbike Specialists Ltd,73.0
Two Wheel Centre,72.0
Arnolds Motorcycles Burton,72.0
Central Bikes Limited,72.0
Speed Superbike Centre,71.0
All Bikes Rochdale,70.0
RNC Motorcycles,70.0
Blade Honda Stratford Upon Avon,70.0
Orwell Motorcycles,70.0
Blade Honda Stratford Upon Avon,69.0
Bulldog Triumph,69.0
All Bikes Rochdale,69.0
Circuit 78 Motorcycles,69.0
Halliwell Jones Chester Motorrad,68.0
Mototechniks Motorcycle Centre,68.0
PRG Performance,68.0
Lind Motorrad,68.0
Sutton Motorcycles,68.0
Webbs Of Lincoln,68.0
Guildford Harley-Davidson,68.0
Gt Superbikes Ltd,67.0
Crescent Motorcycles,66.0
Group 1 Brighton BMW Bikes,66.0
Motorcycles 2 You,65.0
Crescent Motorcycles,65.0
Crescent Motorcycles,63.0
Wheels Honda,63.0
Webbs of Peterborough,63.0
Wheels Honda,62.0
Harley World Chesterfield,62.0
Bob Minion Limited,62.0
Total Triumph,62.0
Cornwall Kawasaki Centre,61.0
Crescent Motorcycles,61.0
Castle Motorcycles,61.0
Castle Motorcycles,60.0
Ducati Aylesbury,60.0
NORTHWEST POWERSPORTS LTD,60.0
John Banks Honda Motorcycles,59.0
Maidstone Harley Davidson,59.0
In Moto,59.0
Cubo Moto Limited,59.0
Powerbiking Ltd,59.0
Balmer Lawn Bikes,59.0
The Bike Depot,58.0
DAVE DEATH MOTORCYCLES (IW) LIMITED,58.0
Cradley Kawasaki,58.0
Balmer Lawn Bikes,58.0
Kings Two Wheel Centre,58.0
In Moto,58.0
Vertu BMW Motorrad Exeter,58.0
Cubo Moto Limited,58.0
North Oxford Garage,57.0
NORMAN & BIRCH LIMITED,57.0
Sycamore Yamaha,57.0
In Moto,57.0
MB SUPERBIKES LIMITED,57.0
Msg Motorcycles Ltd,57.0
Cradley Kawasaki,57.0
Triumph West London,57.0
Bowen Moto,56.0
Hyside Motorcycles,56.0
Triumph West London,56.0
MB SUPERBIKES LIMITED,56.0
Ryder Motorcycles,56.0
Capital Moto,56.0
Bowen Moto,55.0
C J Ball,55.0
M&P Cardiff,55.0
Destination Triumph Solent,55.0
Waltham Cross Motorcyles Ltd,54.0
Sycamore Harley Davidson,54.0
MB SUPERBIKES LIMITED,54.0
Destination Motorcycles KTM Dorset,54.0
Destination Motorcycles KTM Dorset,53.0
Sycamore Harley Davidson,53.0
Moore Speed Racing Ltd,53.0
Krazy Horse Bury St Edmunds,53.0
Sheldon Motorcycles,52.0
The Motorcycle Barn,52.0
Kawasaki Autorama,52.0
Sheldon Motorcycles,51.0
Rideworx Ltd,51.0
John Banks Honda Motorcycles,51.0
Kawasaki Autorama,51.0
Vertu BMW Motorrad Rotherham,50.0
Connect Motorcycle Sales Limited,50.0
Blade Triumph Stratford,50.0
London Speed,50.0
John Banks Honda Motorcycles,50.0
Ashford Triumph,50.0
Kawasaki Autorama,50.0
Cheltenham Harley Davidson,49.0
Southampton Motorcycles And Scooters,49.0
Davey Bros Motorcycles,49.0
Haslemere Motorcycles,49.0
Grafton Motorcycles,49.0
Adamsons Cars LTD,49.0
Inta Motorcycle Services Ltd,49.0
Choice Motorcycles,49.0
Adamsons Cars LTD,48.0
HASTINGS MOTORCYCLE CENTRE LTD,48.0
Blade Ducati,48.0
Motorcycles UK (Swindon) Ltd,48.0
Premier Bikes,48.0
HASTINGS MOTORCYCLE CENTRE LTD,47.0
Omega Yamaha,47.0
Lucas Cycles Ltd,47.0
Pro Moto,47.0
Destination Triumph Dorset,47.0
Fins Motorcycles Of Redhill,47.0
B S Bikes Limited T/A Staffordshire Triumph,47.0
Destination Triumph Dorset,46.0
Atec Garage,46.0
Allenby Motorcycles,46.0
Andover Motorcycles,46.0
Pro Moto,46.0
Sami Bikes LTD,46.0
Bennett's Motorcycles,46.0
Crescent Motorcycle Co Ltd Bournemouth,45.0
Midwest Moto,45.0
Long Eaton Motorcycles,45.0
Atec Garage,45.0
Newmarket Harley-Davidson,45.0
Judd Racing KTM,45.0
Krazy Horse Welling,44.0
Crescent Motorcycle Co Ltd Bournemouth,44.0
Triumph East London,44.0
Bury Motorcycle Centre,43.0
Staffordshire Honda,43.0
Alford Bros,43.0
MOTOLINK SOUTH WALES LTD,43.0
Triumph World,43.0
Laguna Triumph Maidstone,43.0
Cotswold Motorrad,43.0
Bridge Motorcycles Limited,43.0
Bury Motorcycle Centre,42.0
Jordan Bikes Ltd,42.0
Sykes Harley-Davidson,42.0
C & G Motorcycles,42.0
Johns Of Romford,42.0
Motorcycle World,42.0
Bike & Scooter,42.0
Laguna Triumph Maidstone,42.0
Bournemouth Kawasaki,41.0
Oakley Motorcycles,41.0
Destination Triumph Washington,41.0
Motorcycle Trading,41.0
The Motorcycle Centre,40.0
Bury Motorcycle Centre,40.0
Sytner Wolverhampton BMW Motorrad,40.0
Alf England Bedworth Limited,40.0
Bennetts Motorcycle and Scooter LTD,40.0
21st Moto Limited,39.0
Arnolds Motorcycles Leicester,39.0
Motorcycle and Scooter Centre Ltd,39.0
Suffolk Motorcycles Ltd,39.0
Ducati Bournemouth,38.0
Global Moto Coventry,38.0
Motorcycle and Scooter Centre Ltd,38.0
Clay Cross Kawasaki,38.0
Lamba Motorcycles Limited,38.0
Firstline Motor Cycles Limited,38.0
Eclipse Motorcycle & Car Sales,38.0
Cotswold Motorrad,38.0
Gliddon Yamaha,37.0
Ducati Bournemouth,37.0
Hythe Hill Motorcycles,36.0
Tinklers (Motor Cycles) Limited,36.0
Wooburn Green Motorcycles,35.0
Hythe Hill Motorcycles,35.0
Nationwide Motorbikes,35.0
Woodford Motorcycles,35.0
Blade Triumph Cheltenham,34.0
J B Motorcycles,34.0
Bretton Motorcycles,34.0
Brighton Moto,33.0
ROAD AND TRIALS,33.0
Sytner Shrewsbury BMW Motorrad,33.0
Spenders Motorcycles,33.0
Blade Triumph Cheltenham,33.0
Bromley Moto,33.0
Dynomite Motorcycles,33.0
Krazy Horse Chipping Norton,33.0
Maidstone Honda,32.0
Ultimate Bikes,32.0
Alfs Motorcycles,32.0
Platinum Motorcycles,32.0
Motoline,32.0
Warr's Harley-Davidson,32.0
South Downs Motorcycles,32.0
Gear4 Motorcycles,32.0
Via Moto,32.0
Woking Yamaha Centre Ltd,32.0
Dynomite Motorcycles,32.0
M.E.S.Powersports Limited,31.0
Alfs Motorcycles,31.0
Robert Bevan & Sons (Motorcycles) Ltd,31.0
Icon Motorwerx,31.0
Motorcycles Direct,31.0
Sytner Warwick BMW Motorrad,31.0
Reiten Motorrad Limited,31.0
Robert Bevan & Sons (Motorcycles) Ltd,30.0
Ken Urwin Motorcycles,30.0
Harley Davidson Manchester UK,30.0
Stafford Motorcycles Ltd,30.0
Honda Of Bournemouth,30.0
GIZMOTO LTD,30.0
Road Performance Motorcycles,30.0
SOR Motorcycles,30.0
Earnshaws Motorcycles Ltd,30.0
Rotate Motorsport,30.0
Road Performance Motorcycles,29.0
Stevelin Motorcycles,29.0
Triumph North London,29.0
Ebykes,29.0
ROAD AND TRIALS,29.0
The Motorbike Shop Ltd,29.0
Cooperb Motorcycles,29.0
Hatfields Of Crowthorne Ltd,29.0
GP Motorcycles Limited,28.0
M & M MOTORCYCLES,28.0
Hayball Motorcycles Ltd,28.0
Marshall BMW Motorrad Grimsby,28.0
Newcombe Brothers,28.0
Ocean Motorrad Falmouth,27.0
M & M MOTORCYCLES,27.0
MARRIOTT MOTORCYCLES LIMITED,27.0
Tamworth Yamaha,27.0
The Bike Buyer Ltd,27.0
C & G Bikes,27.0
Windsor Moto,27.0
DAVANT BIKES LIMITED,27.0
SLIPSTREAM MOTORCYCLE (SALES) LIMITED,27.0
Ap Motorcycles,26.0
A&T Motorcycles,26.0
Midlife Classics,26.0
Ellani Motorcycles,26.0
Tamworth Yamaha,26.0
Pick Up Motorcycles,26.0
The Walton Road Garage,26.0
Motorbiking Bournemouth,25.0
E-Moto,25.0
Springhead Bikes,25.0
A&T Motorcycles,25.0
Alpha Motorcycles Limited,25.0
Speed Sales,24.0
Churchs,24.0
Motorcycle Select,24.0
Brandon Car & Motorcycle Centre,24.0
Pure Triumph Wellingborough,24.0
My Moto,24.0
Churchs,23.0
MV Agusta Plymouth,23.0
Billy's Motorcycles Ltd,22.0
SPS Motorcycles Ltd,22.0
Matt Pope Motorcycles,21.0
Magnet Motos,21.0
Sondel Sport,21.0
Triumph London,21.0
TT Motorcycles,21.0
SuperBike Factory London,21.0
Quarry Bank Motorcycles Limited,21.0
Mh Car And Bike Sales,21.0
LONDON MOTORCYCLES LTD,21.0
MotoUK,20.0
LONDON MOTORCYCLES LTD,20.0
Lincolnshire Motorcycles Limited,20.0
Go Off Road Barnsley,20.0
Ducati Cambridge,20.0
SSL Auto Motorcycle Warehouse,20.0
Ducati Manchester,20.0
Zemoto,20.0
Maverick Motorcycles,19.0
MOTOEDIT SALES LTD,19.0
Sefton Motorcycles,19.0
Stoppies Motorcycles,19.0
The Scooter Cafe,19.0
W.M. Snell,19.0
Single Tracker Motorcycles,19.0
Moores Hemel Hempstead Ltd,18.0
English Electric Motor Co,18.0
Sycamore Yamaha Peterborough,18.0
P & P Motorcycles,18.0
Think Bike Gear,18.0
Ducati Manchester,18.0
P. & A. MOTORCYCLES LIMITED,18.0
Quarry Bank Motorcycles Limited,18.0
Open Road Motorcycles,18.0
Holt Motorcycles Ltd,18.0
MOTOEBIKES,18.0
Lincolnshire Motorcycles Limited,18.0
Yes Moto,17.0
Ducati London,17.0
Robin Hood Harley-Davidson,17.0
Pure Triumph Woburn,17.0
Open Road Motorcycles,17.0
Revolution Scooters Warrington Ltd,17.0
CCM Motorcycles,17.0
Bulldog Suzuki,17.0
Urban Rider,17.0
Moto Rapido,17.0
Sovereign Motor Company,17.0
Scooter World Ltd,16.0
Ducati Coventry,16.0
Ducati Croydon,16.0
Capital Motorcycle Ltd,16.0
St. Neots Motorcycle Co Limited,16.0
R M C Service Station,16.0
Motoworks Norfolk,16.0
Nightingales,16.0
A & M Motorcycles Ltd,15.0
Motobox UK,15.0
Coast to Coast Motorcycles,15.0
DJK Motorcycles Ltd,15.0
Broadfield Motor Company Ltd,15.0
The Cotswold Motorcycle Company Ltd,15.0
Road And Racing Motorcycles,15.0
WSM,14.0
Motorvibe Ltd,14.0
West London Yamaha,14.0
House Of Thunder,14.0
Cardiff Motorcycle Centre,14.0
Unique Wheels Ltd,14.0
Motoden,14.0
Oakley Motorcycles,13.0
Jap Motorcycles,13.0
MODERN SCOOTERS,13.0
Greywood Motorcycle Sales,13.0
PML Motorcycles,13.0
Moore Motorcycles,13.0
John Riley Motorcycles,13.0
Olivers Motorcycles,13.0
Garage No 7,13.0
T.T.T. Motorcycles,13.0
Churchill Motorcycles Limited,13.0
Kevin Thomas Motorcycles,13.0
W.C Motorcycles,12.0
Motorbike Shack Ltd,12.0
Revu Moto Ltd,12.0
QBS Power Sports,12.0
Richardsons of Congleton,12.0
Pass Bike Ltd,12.0
DC MOTORCYCLES LIMITED,12.0
Andy Sills Motorcycles Limited,12.0
The KTM Centre,12.0
Greywood Motorcycle Sales,12.0
The Cycle Agents,12.0
Downend Bikes & Scooters,12.0
Krazy Horse Central London,12.0
Moto,12.0
V Duo Motorcycles,11.0
Ace Motorcycles Macclesfield,11.0
MOTORBIKES 4 YOU,11.0
Smalley Cross Ltd,11.0
Streffords Of Worcester,11.0
South125's,11.0
MME Motorcycle,11.0
Ashbank Super Soco Stoke,11.0
Moto Tweeks,10.0
Ducati Stoke,10.0
A1 Motorcycle Training and Sales Ltd,10.0
Motorbike One,10.0
Church Stretton Motorcycles,10.0
AUSTIN MOTORCYCLES,10.0
Wallasey Motorcycles Ltd,10.0
Dart Motorsport Ltd,9.0
TWINZTRANSPORT,9.0
Lincs VW Commercial Vehicle Sales Ltd,9.0
TF Motorcycles,9.0
Macclesfield Motorcycles,9.0
Offshore Performance,9.0
Fab Motorbikes And Scooters,8.0
Newcourt Motorcycles,8.0
MIDWEST RACING LIMITED,8.0
Beechdale Motorcycles,8.0
Electric Bike Supermarket,8.0
R AGIUS SCOOTERS,8.0
Bikes Trikes 'n' Stuff Ltd,8.0
Speedwell Motorcycles LTD,8.0
Cult Motorcycles Ltd,8.0
Sandwell Car Sales Ltd,8.0
DNA Motorbikes Ltd,8.0
3D Moto Limited,8.0
WEST LONDON BIKES & SCOOTERS LTD,7.0
Modus Motor Company,7.0
Rakeway Motorcycles Ltd,7.0
Cleds Shed Motorcycles,7.0
Sunami Motorcycles,7.0
Red Lodge Autos,7.0
SBK Motorcycles Addleston,7.0
Promoto UK,7.0
Cotswolds Cars And Commercials Ltd,7.0
Poulson Creative Customs,7.0
Maeving,7.0
AMC Motorcycles UK,7.0
KM MOTORCYCLES LIMITED,7.0
The Superbikes,7.0
Signature Moto Limited,7.0
Bill Thomas Motorcycles,6.0
TRITON MOTORCYCLES LTD,6.0
ROAD & RACE MOTORCYCLES,6.0
Moto Hub,6.0
CMS MOTORCYCLES,6.0
Arden Motorcycles,6.0
Oakmere Prestbury,6.0
GLR SCOOTERS HODDESDON LIMITED,5.0
Crewe Honda Centre,5.0
Unity Moto,5.0
D C Butler Motorcycles Limited,5.0
Zoom Bikes,5.0
Adam Paris Motorcycles,5.0
Harveys Car Centre,5.0
Faction Moto Ltd,5.0
Faction Moto Ltd,4.0
TH Motors,4.0
JRP Motorcycles,4.0
Bikewise Motorcycles,4.0
THE TWO WHEEL CENTRE LIMITED,4.0
Moto Velocity,3.0
BIKENET,3.0
Junction Motorbikes,3.0
Bike Junkie,3.0
Hodspeed Ltd,3.0
M&T Motor Company,3.0
MSC Bikes,3.0
Harvey Wilson,3.0
SCS AUTOS LTD,2.0
Cruze Motor Company Ltd,2.0
CYGNET AUTOMOTIVE LTD,2.0
Richard Henry,2.0
Hypermotive,2.0
VR (EPS) Warrington Ltd,2.0
Canon Cars,2.0
Iconic Motors,2.0
Swancar of Loughborough,2.0
Howe Motors Ltd,2.0
J & P Auto Services,2.0
Higham Garage,2.0
The Bike Agent,2.0
Elms Automotive,2.0
Three10 Automotive,2.0
Calmore Service Station,2.0
Heatons Garage,
BTS Cars,
Malt Mill Motors Plumtree,
The Motoring Centre Ltd,
The UK Electric Bike Company LTD,
Earnshaws Cycles LTD,
Buy A Bike,
Yamaha Motor UK,
Deeside Motor Centre,
Essex Cars Limited,
Hitchin Autohaus,
Martin Lee Sports and Prestige,
RECIPROCAL MOTORS LTD,
Southmoor Farm Machinery Ltd,
Autobarn Sports Cars Ltd,
A6 Motors Ltd,
IVER VAN SALES LTD,
Direct Cars Leicester,
SH5 Motors,
Oxford Automotive,
Christchurch Cars Limited,
Orbitkey Ltd,
Barnet Car Center,
Tizzy's Transport Ltd,
Smart Motors,
EX POLICE CARS,
JR Cars,
Audi Approved,
Darden Trading,
Exclusive Motors,
MI-Next Car,
Carex,
LIV MOTORS,
Lavender Hall Autos,
Hilton & Moss,
Oakwood Motor Company,
Seabrook Cars Ltd,
DN Trading,
Dunley Car Sales,
Beck Evans,
BJC Car Sales Limited,
Central Lotus,
Autocentre (U.K.) Limited,
Merthyr Motor Auctions,
Four L Cars Ltd,
Hamilton Motors,
Fisher Performance,
Sdr Autos Ltd,
MJC177,
Cars By Web,
Wheeler Automotive,
MT Cars Ltd,
Ellis Ashton Motor Company,
